date,open,high,low,close,volume,amount,exchange
2026-07-01,160.19,166.88,152.31,154.48,114677718,18327904135,5.74
2026-06-30,152.05,160.66,150.00,158.82,106679541,16679550000,5.34
2026-06-29,147.80,152.99,141.00,151.00,102740101,15158410000,5.14
2026-06-26,153.70,156.22,146.50,148.76,107615543,16171920000,5.38
2026-06-25,152.00,158.66,151.00,156.86,118610237,18470620000,5.93
2026-06-24,141.50,156.35,141.32,151.53,141162383,21160850000,7.06
2026-06-23,143.58,148.30,139.60,141.70,91820109,13211880000,4.59
2026-06-22,140.78,148.00,140.00,145.59,106096058,15251150000,5.31
2026-06-18,136.11,144.63,132.88,140.70,124493714,17289250000,6.23
2026-06-17,127.91,134.88,126.68,134.70,96356212,12699100000,4.82
2026-06-16,131.00,134.34,127.93,130.14,74558301,9738550000,3.73
2026-06-15,128.59,131.00,124.89,130.52,72860409,9404700000,3.64
2026-06-12,131.64,134.87,124.37,124.88,81743729,10575820000,4.09
2026-06-11,124.00,129.08,123.01,127.40,62627599,7935640000,3.13
2026-06-10,125.00,131.18,124.50,125.34,66909414,8511490000,3.35
2026-06-09,123.50,128.03,120.89,127.30,76966277,9607780000,3.85
2026-06-08,120.00,124.28,120.00,121.92,78122559,9545780000,3.91
2026-06-05,131.00,134.75,126.70,127.40,93457433,12150120000,4.67
2026-06-04,131.00,137.57,130.00,134.88,77852688,10493290000,3.89
2026-06-03,132.00,138.75,131.85,134.00,99212745,13487780000,4.96
2026-06-02,132.98,135.50,129.30,132.48,92368820,12256040000,4.62
2026-06-01,139.76,140.80,132.04,132.44,100884914,13645020000,5.05
2026-05-29,150.92,152.38,138.49,139.91,153681264,22138460000,7.69
2026-05-28,146.00,159.05,146.00,153.70,160823175,24822320000,8.04
2026-05-27,150.00,153.52,145.00,146.22,123498375,18473690000,6.18
2026-05-26,150.73,154.44,145.50,149.18,179924241,26787300000,9.00
2026-05-25,136.00,157.60,136.00,156.00,252180226,37253710000,12.61
2026-05-22,129.33,132.18,126.50,131.33,119947788,15516840000,6.00
2026-05-21,134.00,137.63,127.10,127.22,154677671,20601830000,7.74
2026-05-20,118.00,136.63,117.50,133.81,224880056,28996720000,11.25
2026-05-19,116.16,118.88,112.68,118.82,84026978,9713880000,4.20
2026-05-18,117.40,120.34,115.60,117.62,74896919,8855420000,3.75
2026-05-15,121.00,125.00,118.48,119.02,132810054,16152500000,6.64
2026-05-14,121.92,124.04,117.00,117.90,79065015,9451220000,3.95
2026-05-13,119.00,122.50,116.04,121.86,95495148,11374280000,4.78
2026-05-12,124.44,125.44,120.00,121.98,81773234,10018640000,4.09
2026-05-11,122.99,124.57,121.90,122.52,81485972,10017300000,4.08
2026-05-08,122.90,123.19,120.05,120.31,70861810,8595730000,3.54
2026-05-07,125.11,127.48,122.22,125.34,84277403,10482930000,4.21
2026-05-06,122.00,128.12,121.74,123.10,129294051,16176670000,6.47
2026-04-30,113.31,119.88,113.30,118.73,101838285,11911530000,5.09
2026-04-29,113.35,113.82,109.78,112.47,51488254,5750210000,2.57
2026-04-28,115.24,117.64,113.02,114.00,62500730,7209850000,3.13
2026-04-27,113.25,117.69,112.60,116.58,97029586,11249550000,4.85
2026-04-24,105.58,113.25,104.61,110.96,91070363,9980490000,4.55
2026-04-23,108.88,109.12,105.20,105.98,44149101,4724880000,2.21
2026-04-22,106.80,108.08,106.50,107.87,37521674,4023320000,1.88
2026-04-21,107.33,108.15,105.68,107.46,37258425,3976050000,1.86
2026-04-20,105.93,108.60,105.01,107.96,54770262,5872450000,2.74
2026-04-17,103.82,107.30,103.27,105.23,50375527,5313220000,2.52
2026-04-16,103.50,105.00,103.00,104.18,39372135,4092710000,1.97
2026-04-15,102.05,106.10,101.80,103.91,70483900,7336890000,3.52
2026-04-14,102.10,102.28,100.38,101.52,37091059,3760620000,1.85
2026-04-13,99.85,102.80,99.72,100.64,35188522,3554990000,1.76
2026-04-10,101.00,102.79,100.68,101.01,40630514,4130860000,2.03
2026-04-09,99.40,101.20,99.20,99.72,31071653,3111340000,1.55
2026-04-08,99.02,101.54,99.02,101.18,54469712,5458090000,2.72
2026-04-07,91.50,96.99,91.20,95.62,45824231,4340590000,2.29
2026-04-03,93.41,93.94,91.76,91.78,21646163,2004260000,1.08
2026-04-02,95.50,95.79,92.51,93.20,29382832,2760190000,1.47
2026-04-01,96.40,96.70,94.81,96.33,32564808,3121620000,1.63
2026-03-31,95.80,97.40,94.00,94.05,29383903,2809490000,1.47
2026-03-30,95.80,96.19,94.00,95.83,32887003,3130020000,1.64
2026-03-27,96.00,98.39,95.87,97.50,28087527,2738260000,1.40
2026-03-26,99.55,99.70,96.55,96.88,31319889,3067690000,1.57
2026-03-25,99.67,100.94,99.28,99.99,32130643,3215490000,1.61
2026-03-24,98.90,99.37,97.25,99.25,33680326,3314640000,1.68
2026-03-23,100.01,101.99,97.40,98.04,50667126,5040930000,2.53
2026-03-20,105.20,105.72,102.18,102.18,38129475,3960180000,1.91
2026-03-19,105.01,107.69,104.51,105.96,37865595,4001790000,1.89
2026-03-18,105.78,106.88,105.25,106.60,26334592,2794680000,1.32
2026-03-17,108.54,108.58,105.99,106.02,29571804,3173440000,1.48
2026-03-16,106.31,110.32,105.50,108.60,42255497,4559220000,2.11
2026-03-13,105.02,107.83,104.50,107.06,34163326,3642160000,1.71
2026-03-12,107.00,108.55,104.95,106.01,28881977,3075180000,1.44
2026-03-11,107.23,108.80,107.00,107.10,27998297,3016800000,1.40
2026-03-10,106.90,107.75,105.70,107.28,31832190,3400130000,1.59
2026-03-09,103.97,105.79,101.63,105.14,39355967,4065900000,1.97
2026-03-06,107.00,108.34,106.17,106.50,34048616,3648250000,1.70
2026-03-05,108.60,109.26,106.09,106.90,35353181,3803230000,1.77
2026-03-04,107.32,109.70,106.12,106.69,32274958,3470640000,1.61
2026-03-03,113.23,114.75,107.69,108.31,54098700,5976580000,2.71
2026-03-02,112.88,114.20,112.30,112.53,34978475,3952730000,1.75
2026-02-27,115.03,115.87,114.32,115.00,27930878,3213700000,1.40
2026-02-26,116.13,117.23,114.29,116.65,32702183,3787600000,1.64
2026-02-25,117.00,117.50,115.85,116.13,27552856,3214690000,1.38
2026-02-24,118.03,118.18,115.62,115.82,27615568,3217730000,1.38
2026-02-13,116.23,117.98,115.56,116.93,34368740,4020570000,1.72
2026-02-12,115.55,117.18,115.11,116.58,33362254,3880740000,1.67
2026-02-11,114.00,116.14,113.50,115.01,34533673,3955490000,1.73
2026-02-10,115.20,116.90,114.85,116.20,34043651,3949080000,1.70
2026-02-09,114.80,115.07,113.70,114.93,32101810,3676020000,1.61
2026-02-06,110.14,114.60,110.14,112.70,40822691,4597780000,2.04
2026-02-05,112.99,114.50,110.39,111.80,44644765,4982590000,2.23
2026-02-04,114.50,114.99,113.15,114.84,35139347,4005040000,1.76
2026-02-03,118.69,118.84,113.46,116.03,56176952,6500020000,2.81
2026-02-02,121.40,122.59,116.80,117.06,59669081,7104970000,2.98
2026-01-30,121.33,124.94,120.07,122.97,52771906,6468950000,2.64
2026-01-29,127.60,127.81,122.16,122.40,71564935,8897090000,3.58
2026-01-28,124.99,128.99,124.99,128.55,99458326,12644230000,4.97
2026-01-27,122.00,125.74,119.22,124.05,65526157,8023170000,3.28
2026-01-26,124.01,125.88,121.90,121.92,50256650,6184620000,2.51
2026-01-23,126.80,127.37,124.03,124.96,49063104,6130480000,2.45
2026-01-22,128.98,130.82,125.57,126.80,64809463,8269000000,3.24
2026-01-21,120.93,128.89,120.58,127.19,97052521,12294760000,4.85
2026-01-20,125.00,125.50,121.81,122.18,50869359,6261670000,2.54
2026-01-19,127.05,128.50,125.12,125.29,47753702,6024300000,2.39
2026-01-16,127.50,128.82,124.88,126.99,75651257,9597580000,3.78
2026-01-15,123.49,125.50,122.33,124.44,55660423,6895090000,2.78
2026-01-14,123.51,127.60,123.50,124.49,64968391,8155390000,3.25
2026-01-13,127.49,128.15,122.86,123.63,65207280,8154110000,3.26
2026-01-12,128.52,129.62,126.68,127.66,56393564,7202160000,2.82
2026-01-09,129.15,130.01,127.77,128.88,51127488,6581950000,2.56
2026-01-08,128.95,134.68,128.91,130.15,61691881,8145420000,3.09
2026-01-07,131.84,132.82,128.85,129.98,59804086,7783880000,2.99
2026-01-06,129.00,134.20,128.77,131.84,73069695,9623980000,3.65
2026-01-05,126.84,130.17,126.20,129.95,91139404,11742870000,4.56
2025-12-31,125.99,126.20,122.40,122.83,41158685,5082730000,2.06
2025-12-30,124.45,126.69,124.00,125.28,60495831,7582350000,3.03
2025-12-29,123.00,125.65,122.02,122.50,50683161,6280270000,2.53
2025-12-26,122.58,124.79,121.16,122.10,40239799,4938390000,2.01
2025-12-25,123.00,125.99,122.66,123.08,47180958,5854140000,2.36
2025-12-24,122.50,124.38,121.11,123.41,62956098,7744550000,3.15
2025-12-23,120.50,121.58,119.02,119.90,48360142,5823920000,2.42
2025-12-22,114.60,121.44,114.60,120.45,81011369,9622360000,4.05
2025-12-19,113.20,115.48,113.00,113.63,27261250,3107490000,1.36
2025-12-18,112.80,115.72,112.75,112.80,31470029,3583330000,1.57
2025-12-17,110.82,113.90,110.13,113.29,34389272,3848930000,1.72
2025-12-16,112.50,113.35,110.27,110.70,32337953,3605860000,1.62
2025-12-15,115.15,116.50,113.00,113.01,34241746,3933790000,1.71
2025-12-12,113.61,117.42,111.60,116.80,58499804,6734950000,2.93
2025-12-11,116.53,117.14,113.50,113.61,30310896,3488210000,1.52
2025-12-10,115.58,116.59,113.44,116.31,31571473,3624510000,1.58
2025-12-09,115.58,117.90,115.51,116.32,37138445,4333830000,1.86
2025-12-08,114.21,118.00,114.18,117.20,50835977,5945080000,2.54
2025-12-05,114.00,114.88,112.50,114.18,35265366,4015690000,1.76
2025-12-04,111.65,114.73,110.98,114.73,38755196,4392460000,1.94
2025-12-03,112.80,113.69,111.13,111.62,24541359,2756770000,1.23
2025-12-02,114.10,114.19,112.70,113.00,23777182,2694920000,1.19
2025-12-01,113.40,114.68,112.60,114.40,32764004,3724980000,1.64
2025-11-28,112.71,114.11,111.40,113.60,30866384,3486790000,1.54
2025-11-27,113.80,116.80,112.56,112.71,52343112,6012840000,2.62
2025-11-26,110.70,113.90,110.61,112.71,41955357,4731200000,2.10
2025-11-25,112.50,113.96,111.37,111.68,40722382,4584280000,2.04
2025-11-24,112.99,113.50,108.18,111.51,55790863,6159090000,2.79
2025-11-21,113.86,116.08,113.00,113.00,46135862,5264860000,2.31
2025-11-20,117.99,118.29,116.46,116.78,34470285,4045620000,1.72
2025-11-19,117.99,118.49,115.51,116.28,41511956,4848790000,2.08
2025-11-18,117.50,120.18,117.13,117.96,47391508,5629540000,2.37
2025-11-17,116.82,119.29,116.51,117.63,42177341,4961790000,2.11
2025-11-14,123.00,125.50,117.89,118.18,77529352,9432870000,3.88
2025-11-13,118.99,123.33,117.80,123.10,54988853,6638320000,2.75
2025-11-12,117.00,119.80,115.74,119.63,45701552,5405410000,2.29
2025-11-11,120.60,121.47,117.53,117.73,34253008,4073860000,1.71
2025-11-10,122.13,122.95,118.76,120.01,39583271,4749070000,1.98
2025-11-07,122.93,124.18,122.05,122.11,38229214,4694220000,1.91
2025-11-06,121.90,125.99,121.05,124.85,73150765,9060520000,3.66
2025-11-05,116.90,121.10,116.50,119.78,48501600,5753270000,2.43
2025-11-04,121.00,122.66,119.00,119.88,47738417,5770500000,2.39
2025-11-03,122.00,122.60,117.55,120.21,74770927,8940380000,3.74
2025-10-31,128.03,128.70,124.18,124.18,69166889,8692100000,3.46
2025-10-30,133.00,133.00,128.51,128.55,69286397,9018980000,3.47
2025-10-29,132.00,134.53,130.31,133.00,68846074,9111440000,3.44
2025-10-28,133.00,135.80,132.00,132.69,69518945,9299050000,3.48
2025-10-27,137.50,137.50,132.30,134.50,101264304,13623210000,5.06
2025-10-24,130.30,134.80,128.90,134.06,102446621,13548730000,5.12
2025-10-23,125.18,128.50,124.01,128.30,63426402,8038110000,3.17
2025-10-22,125.42,129.27,123.81,126.81,65395411,8265030000,3.27
2025-10-21,123.80,127.85,122.61,127.19,78415088,9888220000,3.92
2025-10-20,124.10,125.18,121.69,122.63,57123935,7060330000,2.86
2025-10-17,126.85,127.32,120.87,121.98,82052898,10097290000,4.10
2025-10-16,127.80,130.28,126.60,127.30,61231062,7841130000,3.06
2025-10-15,127.18,129.73,124.60,129.56,80798726,10284320000,4.04
2025-10-14,136.96,137.80,125.80,127.20,132100403,17321650000,6.61
2025-10-13,126.00,136.48,126.00,136.47,140299486,18642590000,7.02
2025-10-10,134.87,134.94,127.17,127.95,161742076,21074150000,8.09
2025-10-09,144.00,153.00,137.00,138.91,166284110,24249280000,8.32
2025-09-30,138.50,142.00,136.60,140.13,98622900,13794110000,4.93
2025-09-29,131.00,136.02,129.16,136.02,102720723,13627570000,5.14
2025-09-26,132.71,135.95,131.20,132.27,91244519,12181640000,4.56
2025-09-25,133.00,137.80,132.31,134.11,103258321,13953310000,5.16
2025-09-24,126.88,137.98,126.23,134.98,146094753,19497520000,7.31
2025-09-23,127.64,129.33,122.63,128.51,144127353,18120120000,7.21
2025-09-22,120.54,129.83,119.05,128.92,158828147,19858610000,7.94
2025-09-19,123.00,127.40,120.11,121.34,144910623,17943780000,7.25
2025-09-18,119.98,127.49,116.35,122.15,193156778,23495280000,9.66
2025-09-17,110.80,120.80,109.80,117.39,152847561,17861080000,7.69
2025-09-16,109.00,111.86,108.09,109.78,86625924,9501060000,4.36
2025-09-15,110.55,112.55,107.50,108.66,94683618,10395580000,4.76
2025-09-12,109.28,112.49,108.01,108.42,115902204,12730300000,5.83
2025-09-11,102.62,112.80,99.98,110.28,146750166,15776090000,7.38
2025-09-10,103.00,105.96,102.13,103.91,103992570,10822520000,5.23
2025-09-09,102.00,108.65,101.20,102.99,157469570,16482010000,7.92
2025-08-29,114.00,116.00,112.26,114.76,163967037,18711480000,8.25
2025-08-28,102.00,119.22,101.99,119.22,242032511,27118770000,12.17
2025-08-27,102.20,106.69,100.59,101.51,142262071,14762340000,7.15
2025-08-26,101.00,102.57,100.13,100.93,85607409,8663990000,4.31
2025-08-25,106.00,109.24,101.10,103.17,176063698,18348500000,8.85
2025-08-22,92.50,105.00,92.42,103.97,206194809,20322970000,10.37
2025-08-21,92.30,94.11,90.80,91.05,60682605,5593620000,3.05
2025-08-20,89.40,92.49,88.19,92.28,85874556,7756060000,4.32
2025-08-19,91.67,92.48,89.35,89.35,74465214,6762910000,3.75
2025-08-18,93.50,95.17,91.36,92.31,83342313,7749850000,4.19
2025-08-15,89.00,93.30,88.48,91.84,69049946,6288370000,3.47
2025-08-14,88.69,92.58,88.69,89.46,74149226,6741600000,3.73
2025-08-13,88.01,89.23,88.00,88.66,38430442,3405730000,1.93
2025-08-12,86.95,90.10,86.42,88.52,55155240,4870770000,2.77
2025-08-11,86.69,87.18,86.22,86.96,27919314,2423560000,1.40
2025-08-08,88.00,88.50,86.66,86.66,58473050,5098980000,2.94
2025-08-07,90.70,91.70,89.75,90.59,31525994,2859640000,1.59
2025-08-06,89.86,91.00,89.53,90.78,26779787,2418540000,1.35
2025-08-05,89.85,90.58,89.58,90.00,19567940,1761820000,0.98
2025-08-04,87.95,90.63,87.88,90.07,28605760,2568810000,1.44
2025-08-01,89.20,90.33,88.02,88.29,27414033,2439840000,1.38
2025-07-31,90.32,92.75,89.46,89.50,46198852,4187080000,2.32
2025-07-30,91.70,91.83,89.74,90.36,31001859,2815720000,1.56
2025-07-29,92.00,92.63,90.81,92.17,29414208,2699800000,1.48
2025-07-28,93.64,93.69,91.96,92.18,34264005,3167890000,1.72
2025-07-25,91.74,93.68,90.99,93.47,44212479,4076410000,2.22
2025-07-24,89.10,92.90,89.00,91.75,52232453,4779310000,2.63
2025-07-23,88.90,90.19,88.30,89.39,31654941,2831680000,1.59
2025-07-22,88.70,90.55,88.50,89.08,29742068,2662980000,1.50
2025-07-21,88.45,89.52,88.04,89.02,22271915,1983500000,1.12
2025-07-18,88.75,89.13,87.93,88.51,21995993,1948100000,1.11
2025-07-17,87.06,89.00,86.32,88.79,28792216,2535640000,1.45
2025-07-16,87.73,88.20,86.77,87.12,19670851,1720550000,0.99
2025-07-15,87.15,87.95,86.61,87.89,20617316,1800360000,1.04
2025-07-14,88.30,88.49,87.47,87.52,18983136,1667930000,0.95
2025-07-11,85.70,89.34,85.40,88.16,46992238,4128340000,2.36
2025-07-10,85.61,86.17,85.50,85.67,17563946,1506710000,0.88
2025-07-09,86.65,86.86,85.52,85.85,18310200,1578140000,0.92
2025-07-08,85.49,86.85,85.18,86.74,21766848,1876170000,1.09
2025-07-07,85.69,86.86,85.37,85.48,13534928,1162400000,0.68
2025-07-04,86.00,87.20,84.86,85.80,25225745,2166410000,1.27
2025-07-03,86.38,86.73,85.78,86.24,14615027,1260330000,0.74
2025-07-02,87.50,87.73,85.81,86.10,22557267,1955240000,1.13
2025-07-01,88.00,88.85,87.65,87.76,21688792,1911740000,1.09
