ts_code,trade_date,open,high,low,close,vol,amount
600519.SH,20250725,1491.4,1491.4,1453.0,1455.0,41911.26,6140078.741
600519.SH,20250728,1453.0,1454.99,1436.3,1438.66,38586.32,5560966.386
600519.SH,20250729,1439.6,1448.79,1435.01,1439.0,26304.08,3785848.102
600519.SH,20250730,1444.0,1457.16,1437.0,1449.44,31867.71,4612883.04
600519.SH,20250731,1443.0,1444.87,1418.0,1421.67,51797.51,7386302.758
600519.SH,20250801,1421.87,1425.96,1414.0,1417.0,29635.59,4200850.79
600519.SH,20250804,1415.0,1419.8,1414.0,1419.0,18687.95,2647105.74
600519.SH,20250805,1421.0,1429.94,1417.11,1427.74,25342.27,3607931.488
600519.SH,20250806,1429.0,1429.0,1419.3,1423.88,23699.28,3372334.94
600519.SH,20250807,1423.88,1427.7,1420.06,1422.35,28001.34,3988765.795
600519.SH,20250808,1423.05,1426.5,1418.0,1420.97,18655.28,2651478.118
600519.SH,20250811,1423.5,1451.99,1423.0,1445.0,47159.07,6794034.09
600519.SH,20250812,1449.0,1465.07,1436.0,1437.04,42019.23,6095342.036
600519.SH,20250813,1425.0,1433.68,1420.0,1420.05,65527.54,9325460.101
600519.SH,20250814,1420.94,1447.51,1420.94,1426.99,48129.3,6897535.33
600519.SH,20250815,1426.01,1428.66,1420.22,1422.08,47581.65,6772436.997
600519.SH,20250818,1426.99,1436.64,1423.1,1428.5,47377.98,6773477.871
600519.SH,20250819,1433.5,1446.66,1432.0,1438.0,46371.86,6678541.001
600519.SH,20250820,1438.0,1452.8,1430.02,1450.0,45804.66,6623095.725
600519.SH,20250821,1453.45,1454.99,1443.65,1448.25,30890.57,4470441.662
600519.SH,20250822,1448.88,1464.0,1444.77,1463.95,44970.58,6544867.368
600519.SH,20250825,1470.01,1496.0,1466.0,1490.33,65324.55,9676719.498
600519.SH,20250826,1490.32,1494.23,1480.01,1481.61,39602.13,5883917.0
600519.SH,20250827,1481.88,1484.93,1448.0,1448.0,56006.09,8184169.113
600519.SH,20250828,1447.97,1456.1,1438.77,1446.1,39281.77,5683673.273
600519.SH,20250829,1453.0,1482.58,1452.0,1480.0,62256.48,9159701.454
600519.SH,20250901,1482.2,1488.0,1465.7,1476.1,45123.38,6658918.555
600519.SH,20250902,1478.66,1509.0,1478.0,1491.3,56688.37,8470012.816
600519.SH,20250903,1491.0,1503.5,1466.0,1480.55,45045.03,6656011.145
600519.SH,20250904,1472.0,1479.3,1460.47,1472.66,47746.76,7017084.75
600519.SH,20250905,1471.0,1486.97,1464.0,1483.0,37388.48,5519312.163
600519.SH,20250908,1483.0,1506.44,1477.5,1501.23,51382.98,7682065.696
600519.SH,20250909,1505.0,1509.95,1493.42,1505.0,35742.77,5366650.005
600519.SH,20250910,1506.66,1529.95,1496.0,1522.01,49663.31,7541460.049
600519.SH,20250911,1522.01,1526.02,1508.5,1523.5,37238.96,5642778.456
600519.SH,20250912,1526.0,1538.02,1510.53,1516.0,33722.09,5132184.935
600519.SH,20250915,1515.87,1517.48,1501.5,1515.1,25827.03,3901929.718
600519.SH,20250916,1515.1,1520.99,1496.21,1499.98,32717.89,4928374.478
600519.SH,20250917,1499.99,1510.28,1490.01,1493.0,30330.54,4534770.634
600519.SH,20250918,1492.0,1497.8,1463.5,1467.96,49721.25,7347477.479
600519.SH,20250919,1467.99,1475.5,1457.01,1467.97,32636.62,4784528.851
600519.SH,20250922,1465.09,1467.97,1450.01,1453.35,34947.08,5085057.536
600519.SH,20250923,1450.5,1457.5,1440.0,1447.42,38663.0,5588384.388
600519.SH,20250924,1434.07,1456.78,1434.07,1442.0,30743.5,4443052.872
600519.SH,20250925,1442.83,1445.21,1436.0,1439.0,33869.73,4873274.661
600519.SH,20250926,1441.18,1447.11,1428.01,1435.0,45120.71,6480889.597
600519.SH,20250929,1439.38,1469.99,1435.0,1460.86,53684.03,7798434.586
600519.SH,20250930,1460.0,1460.76,1440.0,1443.99,39363.62,5687474.876
600519.SH,20251009,1436.0,1439.38,1420.0,1436.78,54918.12,7845448.947
600519.SH,20251010,1437.6,1439.94,1427.5,1430.0,36001.44,5157459.262
600519.SH,20251013,1415.7,1422.85,1415.12,1419.2,46068.8,6533147.458
600519.SH,20251014,1429.99,1464.0,1429.99,1451.02,66672.33,9639484.605
600519.SH,20251015,1450.98,1463.0,1445.08,1462.0,42785.4,6233407.482
600519.SH,20251016,1461.92,1484.95,1458.88,1484.91,45730.15,6749162.949
600519.SH,20251017,1483.1,1488.0,1454.03,1455.0,38085.89,5594724.9
600519.SH,20251020,1455.0,1469.5,1454.88,1457.93,25949.88,3793283.759
600519.SH,20251021,1459.0,1469.94,1455.5,1462.26,25442.67,3727984.13
600519.SH,20251022,1462.08,1465.73,1456.0,1458.7,18194.92,2657486.636
600519.SH,20251023,1455.0,1468.8,1447.2,1467.98,29322.35,4274652.09
600519.SH,20251024,1467.95,1478.88,1449.34,1450.0,38225.83,5578603.148
600519.SH,20251027,1440.0,1452.49,1435.99,1440.41,37102.39,5352667.152
600519.SH,20251028,1442.0,1451.2,1441.1,1445.0,27124.33,3923817.14
600519.SH,20251029,1440.02,1446.55,1430.04,1431.9,33937.11,4868780.319
600519.SH,20251030,1421.81,1436.63,1421.81,1426.74,47456.1,6768821.311
600519.SH,20251031,1422.0,1435.98,1420.11,1430.01,35693.77,5109623.861
600519.SH,20251103,1431.0,1448.0,1420.1,1435.0,34547.66,4945310.83
600519.SH,20251104,1435.1,1435.78,1423.78,1429.0,26565.72,3793892.903
600519.SH,20251105,1425.89,1430.99,1420.01,1420.08,34475.27,4908475.373
600519.SH,20251106,1430.0,1441.45,1429.99,1435.13,38347.82,5505960.415
600519.SH,20251107,1435.11,1439.78,1431.11,1433.33,18861.39,2704995.856
600519.SH,20251110,1435.0,1463.69,1434.98,1462.3,49451.54,7181246.441
600519.SH,20251111,1462.0,1462.18,1447.0,1458.99,26691.56,3882776.772
600519.SH,20251112,1459.98,1478.36,1459.21,1465.15,32992.1,4849073.051
600519.SH,20251113,1462.12,1473.58,1458.0,1470.38,31179.23,4569178.269
600519.SH,20251114,1470.0,1478.95,1456.3,1456.6,27473.06,4031007.106
600519.SH,20251117,1454.0,1473.0,1445.79,1471.0,34462.21,5035780.027
600519.SH,20251118,1470.7,1486.07,1469.0,1476.0,34204.78,5055675.474
600519.SH,20251119,1474.0,1479.53,1469.96,1471.01,22045.37,3249449.214
600519.SH,20251120,1472.0,1479.9,1465.03,1467.11,24002.32,3531653.943
600519.SH,20251121,1470.5,1480.0,1456.0,1466.6,42607.2,6259873.433
600519.SH,20251124,1467.0,1471.0,1451.13,1452.0,33607.44,4901903.705
600519.SH,20251125,1458.0,1458.0,1444.5,1444.65,28440.69,4119930.011
600519.SH,20251126,1448.88,1453.49,1443.58,1449.15,20306.16,2938818.095
600519.SH,20251127,1449.5,1450.0,1439.04,1447.3,22286.89,3216797.187
600519.SH,20251128,1446.5,1455.5,1443.0,1450.5,23211.21,3366696.622
600519.SH,20251201,1451.0,1462.27,1442.0,1448.0,27333.42,3961994.999
600519.SH,20251202,1448.0,1451.92,1435.02,1436.03,25047.26,3607543.825
600519.SH,20251203,1435.81,1435.97,1428.0,1429.1,23572.79,3370080.066
600519.SH,20251204,1429.1,1432.5,1418.38,1423.98,29075.39,4134921.902
600519.SH,20251205,1423.98,1433.09,1419.5,1430.01,25401.66,3622681.597
600519.SH,20251208,1429.2,1436.67,1418.0,1418.22,33602.8,4789155.77
600519.SH,20251209,1418.23,1421.0,1400.05,1401.01,42634.43,5995722.121
600519.SH,20251210,1400.0,1402.8,1383.18,1402.8,33133.47,4625906.139
600519.SH,20251211,1406.66,1411.99,1401.55,1411.99,22385.01,3149974.074
600519.SH,20251212,1418.0,1425.0,1413.57,1420.65,37159.19,5273563.274
600519.SH,20251215,1439.59,1439.99,1425.57,1426.0,33358.79,4774362.06
600519.SH,20251216,1426.2,1428.78,1415.0,1422.0,23963.67,3403139.194
600519.SH,20251217,1425.0,1439.94,1417.68,1433.1,31382.49,4489482.138
600519.SH,20251218,1433.5,1438.88,1426.11,1431.0,17829.95,2551177.659
600519.SH,20251219,1410.0,1412.45,1401.01,1410.0,26508.68,3733028.357
600519.SH,20251222,1410.0,1414.14,1406.58,1408.26,20425.65,2881636.856
600519.SH,20251223,1408.26,1412.93,1397.19,1407.86,24506.81,3445377.032
600519.SH,20251224,1404.99,1406.36,1400.0,1400.9,25186.69,3533253.565
600519.SH,20251225,1405.0,1419.48,1401.38,1414.17,23386.21,3299572.096
600519.SH,20251226,1414.17,1419.14,1410.0,1414.13,17802.99,2520605.635
600519.SH,20251229,1414.13,1414.13,1401.0,1402.0,26308.1,3694660.107
600519.SH,20251230,1401.0,1401.9,1386.0,1389.72,33791.94,4702489.813
600519.SH,20251231,1390.0,1394.0,1377.17,1377.18,34765.63,4799456.452
600519.SH,20260105,1385.0,1431.88,1385.0,1426.0,70949.42,10018086.372
600519.SH,20260106,1432.55,1436.97,1416.53,1428.01,39586.18,5649710.153
600519.SH,20260107,1432.88,1435.0,1420.2,1423.36,29683.8,4234255.286
600519.SH,20260108,1423.33,1423.36,1408.14,1412.3,29134.54,4117925.041
600519.SH,20260109,1417.0,1428.6,1416.01,1419.1,29847.74,4243865.418
600519.SH,20260112,1419.1,1431.0,1417.1,1423.23,36082.66,5135636.033
600519.SH,20260113,1426.79,1429.52,1408.99,1411.0,39168.66,5555633.779
600519.SH,20260114,1411.0,1422.25,1396.18,1398.01,51757.97,7285041.159
600519.SH,20260115,1396.02,1402.83,1388.58,1388.89,40907.14,5698739.671
600519.SH,20260116,1395.0,1397.5,1380.0,1382.0,55120.68,7643061.998
600519.SH,20260119,1381.9,1387.49,1375.0,1376.0,42286.4,5833745.442
600519.SH,20260120,1379.5,1381.58,1372.05,1373.55,36484.43,5021900.765
600519.SH,20260121,1373.56,1374.4,1350.0,1351.06,64516.25,8775880.803
600519.SH,20260122,1352.01,1361.76,1337.48,1340.06,59010.89,7962441.434
600519.SH,20260123,1340.1,1348.0,1332.47,1337.0,61948.9,8301311.489
600519.SH,20260126,1340.51,1355.0,1325.12,1342.0,80166.06,10751225.525
600519.SH,20260127,1344.98,1353.7,1338.0,1343.01,48415.96,6514513.216
600519.SH,20260128,1343.04,1346.71,1322.01,1323.69,76218.01,10135019.524
600519.SH,20260129,1335.0,1445.0,1329.06,1437.72,189534.4,26305591.086
600519.SH,20260130,1435.0,1435.0,1401.0,1401.0,94479.74,13366329.414
600519.SH,20260202,1425.0,1458.58,1411.62,1427.0,85724.27,12312646.443
600519.SH,20260203,1445.0,1476.81,1443.03,1474.92,86320.66,12628439.703
600519.SH,20260204,1485.0,1533.27,1474.0,1525.0,109122.93,16444345.98
600519.SH,20260205,1520.0,1565.0,1515.0,1555.0,91622.74,14183456.476
600519.SH,20260206,1555.0,1568.0,1505.88,1515.01,78965.38,12019878.669
600519.SH,20260209,1518.0,1542.88,1513.49,1524.96,51168.46,7809067.705
600519.SH,20260210,1524.97,1524.97,1496.5,1504.8,39575.96,5953269.321
600519.SH,20260211,1504.8,1514.0,1496.0,1504.33,30928.46,4648360.03
600519.SH,20260212,1500.2,1502.82,1473.36,1486.6,46245.82,6874370.113
600519.SH,20260213,1486.6,1507.8,1470.58,1485.3,41679.01,6216379.203
600519.SH,20260224,1521.0,1524.4,1463.6,1466.8,41912.53,6198840.572
600519.SH,20260225,1470.0,1509.66,1467.88,1491.66,36880.67,5490316.149
600519.SH,20260226,1486.6,1489.49,1464.67,1466.21,32958.01,4855471.43
600519.SH,20260227,1466.99,1476.21,1455.02,1455.02,32160.16,4697692.477
600519.SH,20260302,1450.0,1457.0,1436.66,1440.11,35453.86,5115063.511
600519.SH,20260303,1440.1,1452.87,1422.13,1426.19,45890.86,6565381.648
600519.SH,20260304,1415.0,1423.0,1392.09,1401.18,48014.43,6743267.103
600519.SH,20260305,1406.0,1412.96,1395.0,1399.04,30505.24,4276226.062
600519.SH,20260306,1395.0,1407.5,1388.0,1402.0,29154.15,4072328.833
600519.SH,20260309,1390.0,1404.9,1383.2,1397.0,37441.62,5220095.639
600519.SH,20260310,1404.9,1409.49,1398.0,1401.88,24625.92,3457808.916
600519.SH,20260311,1402.99,1405.99,1398.02,1400.0,24456.73,3425363.892
600519.SH,20260312,1395.0,1403.95,1391.01,1392.0,27586.46,3850521.717
600519.SH,20260313,1392.48,1417.62,1392.0,1413.64,33607.83,4738808.558
600519.SH,20260316,1420.0,1466.0,1420.0,1460.18,60086.35,8711525.836
600519.SH,20260317,1468.0,1498.07,1461.19,1485.0,49453.61,7347310.632
600519.SH,20260318,1489.0,1496.5,1463.15,1468.8,35551.0,5239992.522
600519.SH,20260319,1472.96,1473.0,1446.0,1452.87,30318.59,4404953.481
600519.SH,20260320,1452.96,1462.5,1439.0,1445.0,26132.34,3782818.26
600519.SH,20260323,1433.33,1435.0,1400.03,1408.07,47255.89,6669708.665
600519.SH,20260324,1416.0,1417.59,1400.18,1407.33,28561.79,4017694.387
600519.SH,20260325,1410.11,1417.87,1401.01,1410.27,26093.46,3677905.549
600519.SH,20260326,1409.0,1413.9,1400.3,1401.18,23092.89,3243387.502
600519.SH,20260327,1400.0,1426.0,1396.66,1416.02,30087.11,4257499.781
600519.SH,20260330,1407.0,1431.0,1402.52,1420.0,28684.59,4060684.934
600519.SH,20260331,1468.0,1479.93,1448.41,1450.0,61690.66,9015486.797
600519.SH,20260401,1464.49,1469.99,1452.88,1459.44,29125.14,4256185.472
600519.SH,20260402,1459.44,1464.88,1452.1,1459.88,21064.37,3071809.846
600519.SH,20260403,1459.54,1469.96,1455.0,1460.0,20193.73,2953993.081
600519.SH,20260407,1460.05,1470.0,1435.05,1440.02,24152.18,3507471.653
600519.SH,20260408,1460.0,1469.08,1452.13,1465.02,33836.1,4947937.007
600519.SH,20260409,1465.02,1465.02,1447.5,1460.49,20704.76,3012278.579
600519.SH,20260410,1459.14,1459.71,1441.1,1453.96,28865.56,4187181.529
600519.SH,20260413,1444.0,1446.5,1433.0,1443.31,25213.64,3629675.49
600519.SH,20260414,1442.6,1448.6,1435.0,1446.9,24232.61,3492544.23
600519.SH,20260415,1444.98,1470.79,1442.0,1467.5,34553.48,5049317.187
600519.SH,20260416,1467.45,1477.41,1460.0,1462.84,24512.84,3597294.838
600519.SH,20260417,1400.0,1421.0,1399.87,1407.24,96824.99,13631929.446
600519.SH,20260420,1403.0,1413.94,1400.0,1410.89,36451.39,5127146.041
600519.SH,20260421,1411.0,1419.9,1410.0,1412.01,21754.27,3074595.192
600519.SH,20260422,1415.0,1419.0,1404.98,1409.5,26915.93,3793827.534
600519.SH,20260423,1408.0,1419.7,1405.1,1419.0,37701.09,5332831.151
600519.SH,20260424,1413.1,1458.88,1413.1,1458.49,55455.31,8003410.999
600519.SH,20260427,1420.0,1420.0,1402.2,1403.2,72797.74,10239763.452
600519.SH,20260428,1402.0,1409.39,1400.11,1405.0,34004.42,4772513.712
600519.SH,20260429,1405.0,1409.75,1400.28,1401.17,34813.13,4881691.348
600519.SH,20260430,1400.0,1401.17,1380.0,1384.79,52752.67,7316111.748
600519.SH,20260506,1365.1,1379.0,1360.05,1375.0,47806.04,6550750.94
600519.SH,20260507,1375.0,1388.0,1370.01,1371.05,40461.47,5573286.315
600519.SH,20260508,1371.66,1382.77,1370.0,1372.99,33368.53,4582855.939
600519.SH,20260511,1372.89,1372.89,1361.0,1361.33,57135.1,7790721.392
600519.SH,20260512,1362.0,1363.58,1350.5,1354.55,50837.43,6886304.982
600519.SH,20260513,1354.5,1358.6,1338.0,1344.09,56967.87,7653257.144
600519.SH,20260514,1338.0,1369.06,1335.18,1342.17,55244.34,7428592.859
600519.SH,20260515,1335.15,1339.28,1327.11,1332.95,58183.65,7749366.54
600519.SH,20260518,1336.0,1342.68,1319.61,1323.0,49660.97,6594983.723
600519.SH,20260519,1321.9,1329.99,1318.0,1324.3,43254.64,5719170.335
600519.SH,20260520,1321.0,1332.99,1314.0,1315.0,47487.33,6271273.748
600519.SH,20260521,1312.98,1323.52,1311.0,1311.0,38868.38,5112740.391
600519.SH,20260522,1310.95,1311.91,1290.12,1290.2,49157.14,6372389.482
600519.SH,20260525,1287.0,1304.79,1277.0,1285.88,46352.76,5978725.158
600519.SH,20260526,1285.35,1289.89,1270.01,1273.38,45931.62,5867830.633
600519.SH,20260527,1268.02,1319.0,1250.1,1303.0,82727.91,10586574.902
600519.SH,20260528,1290.0,1304.0,1271.0,1275.98,45889.98,5895475.019
600519.SH,20260529,1270.6,1329.0,1270.0,1326.0,76478.05,10037388.211
600519.SH,20260601,1327.0,1327.0,1301.31,1309.6,43844.6,5741133.268
600519.SH,20260602,1306.0,1326.36,1301.0,1307.22,36361.85,4769963.104
600519.SH,20260603,1304.0,1304.0,1276.0,1281.91,52476.52,6743202.681
600519.SH,20260604,1278.99,1288.99,1266.69,1268.0,33506.17,4273269.325
600519.SH,20260605,1278.0,1283.0,1267.74,1272.86,31303.97,3984001.862
600519.SH,20260608,1272.0,1278.0,1260.0,1262.98,30828.36,3898027.116
600519.SH,20260609,1262.99,1263.0,1252.55,1256.0,27860.12,3500590.715
600519.SH,20260610,1252.08,1282.0,1250.21,1275.88,39244.14,4991686.419
600519.SH,20260611,1272.12,1282.88,1266.91,1279.0,25351.98,3230008.22
600519.SH,20260612,1271.18,1295.0,1265.01,1291.91,50494.78,6477910.214
600519.SH,20260615,1292.7,1292.7,1270.1,1271.1,41585.56,5303656.129
600519.SH,20260616,1267.01,1267.88,1255.0,1255.67,34969.74,4399957.625
600519.SH,20260617,1258.0,1259.77,1238.56,1240.0,44803.3,5581256.291
600519.SH,20260618,1235.0,1238.87,1211.22,1215.0,57471.73,7016713.941
600519.SH,20260622,1214.31,1252.8,1205.0,1241.41,58251.31,7163236.298
600519.SH,20260623,1239.0,1264.0,1217.0,1222.45,58004.05,7179745.911
600519.SH,20260624,1222.65,1241.87,1207.51,1207.68,45335.28,5516574.46
600519.SH,20260625,1207.0,1227.0,1200.0,1212.1,48446.49,5860481.755
600519.SH,20260626,1199.0,1199.0,1168.1,1168.63,50066.47,5922014.054
600519.SH,20260629,1169.0,1215.0,1151.01,1194.96,66878.12,7949237.761
600519.SH,20260630,1187.0,1195.67,1176.0,1185.49,39607.79,4684236.159
600519.SH,20260701,1180.1,1196.8,1166.33,1193.01,42473.81,5033838.236
600519.SH,20260702,1193.01,1215.52,1190.51,1203.0,50870.15,6122360.932
600519.SH,20260703,1205.24,1210.14,1185.0,1194.45,34267.55,4099266.243
600519.SH,20260706,1186.0,1215.0,1180.0,1206.91,40970.01,4913750.668
600519.SH,20260707,1200.0,1202.0,1188.11,1188.8,27365.0,3264967.794
600519.SH,20260708,1188.77,1200.98,1177.0,1199.3,25776.02,3071933.498
600519.SH,20260709,1191.0,1191.99,1178.0,1182.19,34096.34,4035216.946
600519.SH,20260710,1182.2,1204.98,1170.28,1204.98,52212.55,6223343.642
600519.SH,20260713,1197.12,1215.0,1190.19,1210.99,41982.57,5056689.558
600519.SH,20260714,1208.99,1226.87,1205.0,1214.88,43527.26,5294785.036
600519.SH,20260715,1203.66,1256.6,1198.66,1251.06,71943.71,8922861.367
600519.SH,20260716,1252.0,1267.97,1245.05,1258.99,47611.14,5987570.858
600519.SH,20260717,1269.01,1269.33,1238.98,1253.0,58417.3,7322732.709
600519.SH,20260720,1270.0,1329.0,1266.0,1327.5,106151.15,13898351.084
600519.SH,20260721,1338.98,1344.7,1296.87,1308.0,77147.7,10174304.108
600519.SH,20260722,1300.0,1308.0,1283.24,1305.0,65181.4,8431141.766
600519.SH,20260723,1299.8,1303.0,1285.43,1292.01,33917.69,4392505.599
600519.SH,20260724,1305.0,1309.21,1286.2,1297.41,35698.92,4622242.878
